name,nickname,house,imageUrl
Petyr Baelish,Littlefinger,Baelish,/images/petyr-baelish-512x512.jpg
Myrcella Baratheon,null,Baratheon,/images/myrcella-baratheon-512x512.jpg
Stannis Baratheon,null,Baratheon,/images/stannis-512x512.jpg
Tommen Baratheon,null,Baratheon,/images/tommen-baratheon-512x512.jpg
Roose Bolton,null,Bolton,/images/roose-bolton-512x512.jpg
Brienne of Tarth,Brienne the Beauty,Tarth,/images/brienne-of-tarth-512x512.jpg
Bronn,null,Lannister,/images/bronn-512x512.jpg
Theon Greyjoy,null,Greyjoy,/images/theon-greyjoy-512x512.jpg
Areo Hotah,null,Martell,/images/areo-hotah-512x512.jpg
Jaqen H'ghar,null,null,/images/jaqen-hghar-512x512.jpg
Cersei Lannister,null,Lannister,/images/cersei-lannister-512x512.jpg
Jaime Lannister,Kingslayer,Lannister,/images/jamie-lannister-512x512.jpg
Tyrion Lannister,The Imp,Lannister,/images/tyrion-lannister-512x512.jpg
Melisandre,The Red Woman,Baratheon,/images/melisandre-512x512.jpg
Missandei,null,Targaryen,/images/missandei-512x512.jpg
Doran Martell,null,Martell,/images/doran-martell-512x512.jpg
Trystane Martell,null,Martell,/images/trystane-martell-512x512.jpg
Jorah Mormont,null,Targaryen,/images/jorah-mormont-512x512.jpg
Daario Naharis,null,null,/images/daario-naharis-512x512.jpg
Mance Rayder,The King in the North,null,/images/mance-rayder-512x512.jpg
Ellaria Sand,null,Martell,/images/ellaria-sand-512x512.jpg
Nymeria Sand,Sand Snake,Martell,/images/nymeria-sand-512x512.jpg
Obara Sand,Sand Snake,Martell,/images/obera-sand-512x512.jpg
Tyene Sand,Sand Snake,Martell,/images/tyene-sand-512x512.jpg
Davos Seaworth,The Onion Knight,Baratheon,/images/davos-seaworth-512x512.jpg
Jon Snow,null,null,/images/john-snow-512x512.jpg
Ramsay Snow,The Bastard,Bolton,/images/ramsay-512x512.jpg
Arya Stark,null,Stark,/images/arya-stark-512x512.jpg
Bran Stark,null,Stark,/images/bran-stark-512x512.jpg
Sansa Stark,null,Stark,/images/sansa-stark-160.jpg
High Septon,null,null,/images/high-sparrow-512x512.jpg
Daenerys Targaryen,Mother Of Dragons,Targaryen,/images/daenarys-512x512.jpg
Samwell Tarly,null,null,/images/samwell-512x512.jpg
Tormund Giantsbane,null,null,/images/tormund-512x512.jpg
Margaery Tyrell,null,Tyrell,/images/margarey-tyrell-512x512.jpg
Olenna Tyrell,The Queen of Thorns,Tyrell,/images/olenna-tyrell-512x512.jpg
Varys,The Spider,null,/images/maetser-varys-512x512.jpg
Aemon II Targaryen,null,null,/images/aemon-targaryen-512x512.jpg
Lysa Arryn,null,Arryn,/images/lysa-arryn-512x512.jpg
Robin Arryn,null,Arryn,/images/robyn-arryn-512x512.jpg
Joffrey Baratheon,null,Baratheon,/images/joffrey-512x512.jpg
Renly Baratheon,null,Baratheon,/images/renly-baratheon-512x512.jpg
Robert Baratheon,null,Baratheon,/images/robert-baratheon-512x512.jpg
Jory Cassel,null,Stark,/images/jory-cassel-512x512.jpg
Rodrik Cassel,null,Stark,/images/ser-rodrik-cassel-512x512.jpg
Berric Dondarrion,null,null,/images/beric-dondarron-512x512.jpg
Khal Drogo,null,null,/images/khal-drogo-512x512.jpg
Syrio Forel,null,null,/images/syrio-forel-512x512.jpg
Gendry,null,null,/images/gendry-512x512.jpg
Grenn,null,null,/images/grenn-512x512.jpg
Balon Greyjoy,null,Greyjoy,/images/balon-greyjoy-512x512.jpg
Yara Greyjoy,null,Greyjoy,/images/yara-greyjoy-512x512.jpg
Hodor,null,Stark,/images/hodor-512x512.jpg
Illyrio,null,null,/images/magister-illyrio-160.jpg
Irri,null,Targaryen,/images/irri-512x512.jpg
Richard Karstark,null,Stark,/images/karstark-512x512.jpg
Lancel Lannister,null,Lannister,/images/lancel-lannister-512x512.jpg
Tywin Lannister,null,Lannister,/images/tywin-lannister-512x512.jpg
Maester Luwin,null,Stark,/images/maester-luwin-512x512.jpg
Marillion,null,Arryn,/images/marillion-512x512.jpg
Oberyn Martell,The Viper,Martell,/images/oberyn-512x512.jpg
Sandor Clegane,The Hound,null,/images/sandor-clegane-512x512.jpg
Mirri Maz Duur,null,null,/images/mirri-maz-duur-512x512.jpg
Septa Mordane,null,Stark,/images/septa-mordane-512x512.jpg
Jeor Mormont,The Great Bear,null,/images/jeor-mormont-512x512.jpg
Orell,null,null,/images/orell-512x512.jpg
Osha,null,Stark,/images/osha-512x512.jpg
Podrick Payne,null,Lannister,/images/podrick-payne-512x512.jpg
Grand Maester Pycelle,null,Lannister,/images/maester-pycelle-512x512.jpg
Pyp,null,null,/images/pyp-512x512.jpg
Qyburn,null,Lannister,/images/qyburn-512x512.jpg
Rattleshirt,null,null,/images/rattleshirt-512x512.jpg
Ros,null,null,/images/ros-512x512.jpg
Barristan Selmy,Barristan the Bold,Targaryen,/images/barristan-selmy-512x512.jpg
Shae,null,null,/images/shae-512x512.jpg
Janos Slynt,null,null,/images/janos-slynt-512x512.jpg
Benjen Stark,null,null,/images/benjen-stark-512x512.jpg
Catelyn Stark,null,Stark,/images/catelyn-stark-512x512.jpg
Eddard Stark,Ned,Stark,/images/eddard-ned-stark-512x512.jpg
Rickon Stark,null,Stark,/images/rickon-stark-512x512.jpg
Robb Stark,The Young Wolf,Stark,/images/robert-stark-512x512.jpg
Talisa Stark,null,Stark,/images/talisa-stark-512x512.jpg
Viserys Targaryen,null,Targaryen,/images/viserys-targaryen-512x512.jpg
Alliser Thorne,null,null,/images/allister-thorne-512x512.jpg
Thoros of Myr,null,null,/images/thoros-160.jpg
Brynden Tully,The BlackFish,Tully,/images/blackfish-tully-512x512.jpg
Ygritte,null,null,/images/ygritte-512x512.jpg
